name,bio,email,url
Zoha Javed,"Aspiring Web Developer | HTML, CSS, JavaScript, React | BSCS | LCWU",,https://www.linkedin.com/in/zoha-javed-1b5b2919a?miniProfileUrn=urn%3Ali%3Afs_miniProfile%3AACoAAC7MA9kBlw35Ckj1HIfU8r7XbrEuBR_pDPY
Zoha Jaleel,Software Engineer | Web Developer | ROR | React,,https://www.linkedin.com/in/zohajaleel5?miniProfileUrn=urn%3Ali%3Afs_miniProfile%3AACoAACuUCGYBwahEE9_510Sltv9lTxzM6set3zw
Maryam Fayyaz,Team Lead @ Qbatch | Ruby on Rails | JavaScript | AWS | Docker | Web Development Expert,,https://www.linkedin.com/in/maryamfayyaz?miniProfileUrn=urn%3Ali%3Afs_miniProfile%3AACoAAC-qK3IBbhSi2rY6zv92dL6L1newSh3Cz_U
Muhammad Faizan Qasim,Web Developer,,https://www.linkedin.com/in/muhammad-faizan-qasim?miniProfileUrn=urn%3Ali%3Afs_miniProfile%3AACoAACzxjngBc31wG4vdd0hnB0JW57uKjgK7IvY
Aqib Ali,Web Developer | Front-end Web Developer | Back-end Web Developer,,https://www.linkedin.com/in/aqib-ali-735633290?miniProfileUrn=urn%3Ali%3Afs_miniProfile%3AACoAAEaSk1kBzBxB6u8Abdd2EuFVwD5UuJiJU94
Syed Muhammad Muslim Shahzad,Junior Front-End Web Developer | HTML/CSS/JavaScript & React | FAST'26,,https://www.linkedin.com/in/syedmuslim015?miniProfileUrn=urn%3Ali%3Afs_miniProfile%3AACoAAESf9N0BYj3v7f8eFXBeadkWD_lGST7XfSg
Syed Ali Hassan Zaidi,"Experienced Web & App Developer (Flutter, ReactJS, Ruby on Rails, Node.js, Django, .NET) | CS Junior & Head of Photography at @Softec | CTO at the @Switch Magazine",,https://www.linkedin.com/in/syed-ali-hassan-zaidi-6ab5a725b?miniProfileUrn=urn%3Ali%3Afs_miniProfile%3AACoAAD_7SSMB1FdyTgKpBi6X-RCuRP8bUs6qoKI
